{
  "calibrated_at": "2026-04-02T15:26:25",
  "model": "T_bottom = T_propane + alpha*(T_feed-T_propane)*(1-phi*ln(SO/8))",
  "train_a": {
    "alpha": 0.3225870648460891,
    "beta": 0.25653823751384935,
    "gamma": 1.3232053774474866e-12,
    "phi": 2.941825302617392e-14,
    "mae_t_bottom": 1.8262357349670286,
    "mae_t_middle": 1.9336700083057978,
    "mae_t_steam_coil": 3.8349913100594724,
    "mae_t_top": 6.296870245494862,
    "rows_used": 13435,
    "converged": true
  },
  "train_b": {
    "alpha": 0.05000000000000001,
    "beta": 0.49304569842053786,
    "gamma": 0.005589277906954835,
    "phi": 0.29999999999999993,
    "mae_t_bottom": 4.4887685362730965,
    "mae_t_middle": 1.8592089532652232,
    "mae_t_steam_coil": 4.184641165352856,
    "mae_t_top": 6.497734460329601,
    "rows_used": 13488,
    "converged": true
  }
}